{"elements":[{"from":[-3.5199999999999996,8,-3.5199999999999996],"to":[19.88,8,19.88],"rotation":{"angle":0,"axis":"y","origin":[8,8,8]},"faces":{"north":{"uv":[0,0,16,0],"texture":"#1"},"east":{"uv":[0,0,16,0],"texture":"#1"},"south":{"uv":[0,0,16,0],"texture":"#1"},"west":{"uv":[0,0,16,0],"texture":"#1"},"up":{"uv":[0,0,16,16],"texture":"#1"},"down":{"uv":[0,0,16,16],"texture":"#1"}}}],"textures":{"0":"minecraft:ramiel/ramiel_triangle","1":"minecraft:ramiel/ramiel_solid","2":"minecraft:ramiel/ramiel_emitter","4":"minecraft:ramiel/ramiel_inners","5":"minecraft:ramiel/transparent_vertical_shell","6":"minecraft:ramiel/transparent_verticals"},"display":{"head":{"translation":[0,-6.4,0],"scale":[3.2,3.2,3.2],"rotation":[0,180,0]}}}