{"elements":[{"from":[-3.6999999999999957,5.936825693799456,10.919690453075601],"to":[19.700000000000003,29.336825693799454,10.919690453075601],"rotation":{"angle":0,"axis":"y","origin":[8.000000000000004,17.63682569379945,10.919690453075601]},"faces":{"north":{"uv":[0,0,16,16],"texture":"#5"},"east":{"uv":[0,0,0,16],"texture":"#5"},"south":{"uv":[0,0,16,16],"texture":"#5"},"west":{"uv":[0,0,0,16],"texture":"#5"},"up":{"uv":[0,0,16,0],"texture":"#5"},"down":{"uv":[0,0,16,0],"texture":"#5"}}}],"textures":{"0":"minecraft:ramiel/ramiel_triangle","1":"minecraft:ramiel/ramiel_solid","2":"minecraft:ramiel/ramiel_emitter","4":"minecraft:ramiel/ramiel_inners","5":"minecraft:ramiel/transparent_vertical_shell","6":"minecraft:ramiel/transparent_verticals"},"display":{"head":{"translation":[0,-6.4,0],"scale":[3.2,3.2,3.2],"rotation":[0,180,0]}}}