{"elements":[{"from":[-3.7000000000000277,-13.336417373021884,10.919401880480562],"to":[19.69999999999997,10.063582626978114,10.919401880480562],"rotation":{"angle":0,"axis":"y","origin":[7.999999999999972,-1.6364173730218852,10.919401880480562]},"faces":{"north":{"uv":[0,16,16,0],"texture":"#0"},"east":{"uv":[0,16,0,0],"texture":"#0"},"south":{"uv":[0,16,16,0],"texture":"#0"},"west":{"uv":[0,16,0,0],"texture":"#0"},"up":{"uv":[0,0,16,0],"texture":"#0"},"down":{"uv":[0,0,16,0],"texture":"#0"}}}],"textures":{"0":"minecraft:ramiel/ramiel_triangle","1":"minecraft:ramiel/ramiel_solid","2":"minecraft:ramiel/ramiel_emitter","4":"minecraft:ramiel/ramiel_inners","5":"minecraft:ramiel/transparent_vertical_shell","6":"minecraft:ramiel/transparent_verticals"},"display":{"head":{"translation":[0,-6.4,0],"scale":[3.2,3.2,3.2],"rotation":[0,180,0]}}}